price_deviation_ratio,seller_account_age_days,has_missing_details,num_previous_listings,is_fraudulent
0.28449014942586554,40,0,2,0
0.0,127,0,2,0
0.0,15,0,5,0
0.0,26,0,2,0
0.0,9,0,0,1
0.0,365,1,6,0
0.0,79,0,7,0
0.0,154,0,1,0
1.109775302887044,1,1,1,1
0.0,36,0,3,0
0.0,349,0,3,0
0.0,52,1,2,1
0.0,140,0,2,0
0.8759618815413381,709,0,8,0
1.3278632845956009,40,0,3,0
0.0,19,0,4,0
0.0,84,0,3,0
1.4637258945972116,142,1,0,1
0.0,127,0,3,0
0.0,281,0,6,0
0.0,198,0,2,0
0.0,438,0,4,0
0.0,27,0,4,1
0.0,98,0,3,0
0.0,29,0,4,0
0.0,180,0,9,0
0.49892180492168337,100,0,3,0
0.6507738521159905,24,0,0,1
0.0,14,0,6,0
1.2088674541201656,45,0,2,0
0.0,12,1,2,0
0.0,259,0,4,0
0.0,45,1,3,0
0.0,54,0,5,0
0.0,49,0,5,0
0.0,201,0,5,0
1.2147016179642143,2,0,0,1
0.0,131,0,2,0
0.0,338,0,3,0
0.0,343,0,2,1
0.0,216,1,5,0
0.0,155,0,6,0
0.0,60,0,8,0
0.32124626478948837,22,0,5,0
0.0,238,1,2,0
0.0,135,0,4,0
0.0,509,0,4,0
0.0,24,0,5,0
0.0,75,0,3,0
1.3961203917756766,53,0,1,1
0.5577378245126711,444,0,0,0
0.7076604649944915,8,1,1,1
0.0,181,0,2,0
0.0,464,0,3,0
0.6297155586661223,168,0,7,0
0.0,200,0,5,0
0.7230800926099094,111,0,5,0
0.0,187,0,5,1
0.0,47,1,1,1
0.6462636083531422,0,1,1,1
0.0,214,0,11,0
0.0,46,0,3,0
0.0,262,1,5,0
0.0,74,0,4,0
0.0,31,0,6,0
0.0,59,0,4,0
0.0,40,0,3,0
0.0,143,0,5,0
0.6264542270132037,9,1,1,1
0.0,217,0,3,0
0.0,405,0,6,0
0.0,295,0,4,0
0.0,28,0,1,0
0.0,563,0,4,1
1.0521192771925931,25,0,1,1
0.0,36,0,2,0
0.0,308,0,5,0
0.0,172,0,6,0
0.0,715,0,3,0
0.0,329,0,7,0
0.0,319,0,3,0
0.0,96,0,3,0
0.0,230,0,2,0
0.4662627356348671,198,0,2,0
1.417491994175354,6,0,0,1
0.0,12,0,0,1
1.0153630704288261,332,0,0,0
0.0,157,0,4,0
0.0,23,0,0,0
0.0,181,0,6,0
0.0,11,0,5,0
0.0,84,0,6,0
0.0,50,0,1,0
0.0,829,0,5,0
0.0,139,0,3,0
0.0,91,0,3,0
0.0,97,0,2,0
1.247887178082705,10,1,2,1
0.7556631917779991,32,1,2,1
0.0,48,0,5,0
0.0,685,0,4,0
0.0,802,0,4,0
0.0,84,0,8,0
0.0,61,0,5,0
0.0,287,0,4,0
0.0,133,0,5,0
0.0,611,1,3,0
0.0,234,0,2,0
0.5233665049250863,1,1,1,1
0.0,235,0,1,1
0.2563270282572577,191,0,3,0
0.0,151,0,1,0
0.0,64,1,5,0
0.0,170,0,2,0
0.0,171,0,4,0
0.0,124,0,3,0
0.0,168,1,3,0
0.06182043414754099,158,0,3,0
0.0,22,0,2,0
0.0,348,1,3,0
0.0,106,0,6,0
0.0,62,0,3,0
0.889878920804399,7,0,0,1
0.007339570196094843,128,0,2,0
1.4200660282139168,9,0,0,1
0.0,178,1,8,0
0.0,151,0,6,0
1.2546302413089194,54,1,0,1
0.8945896095224205,18,1,1,1
0.0,135,0,5,0
0.0,13,0,6,0
0.0,131,0,3,1
0.0,34,1,8,0
0.0,27,0,5,0
0.0,82,0,6,0
0.30850242500393793,4,1,0,1
0.0,197,0,3,0
0.0,266,1,3,0
0.0,146,0,6,0
0.0,9,0,1,1
0.0,81,0,1,1
0.0,119,0,4,0
0.0,456,0,8,1
0.0,21,0,3,0
0.0,157,0,4,0
0.0,120,0,6,0
0.0,83,0,7,0
0.0,38,0,3,0
0.0,137,0,7,0
0.0,3,0,3,1
0.0,451,1,2,0
0.0,126,0,3,0
0.8410983205945249,27,1,1,1
0.0,468,0,3,0
0.33625193789048424,6,1,1,1
0.0,44,0,2,0
0.6952997835976484,49,0,4,1
0.0,502,0,5,0
0.0,161,0,4,0
0.0,401,0,1,0
0.0,15,0,0,1
0.0,107,0,12,0
0.0,301,0,6,0
0.55343246403487,34,1,0,1
0.0,95,1,5,0
0.0,114,1,1,0
0.0,172,0,6,0
0.0,292,0,5,0
0.0,127,0,4,0
0.0,109,0,6,0
0.0,58,0,3,1
0.0,155,0,4,0
0.0,131,0,7,1
0.0,112,0,4,0
0.0,157,0,4,0
1.4988480210066628,0,0,0,1
0.31608087728158074,503,0,4,0
0.0,111,0,2,0
0.0,154,0,8,0
0.0,235,0,4,0
0.0,262,0,2,1
0.0,66,1,1,0
0.0,48,1,6,0
0.24862924983394835,164,0,3,0
0.0,24,0,2,0
0.0,76,0,3,0
0.0,432,0,2,0
0.7075949565651568,15,1,1,1
0.0,54,0,3,0
0.0,14,0,2,1
0.12144836922617856,23,0,4,0
0.0,572,0,4,0
1.1610234392107406,35,1,0,1
0.0,358,0,4,0
0.0,13,0,3,0
0.0,208,0,5,0
0.0,824,0,2,0
0.0,233,0,3,0
0.0,91,0,6,0
0.0,276,0,6,0
0.0,82,0,4,0
0.0,316,0,4,0
1.5321897013460464,210,0,5,0
0.8514565815140999,14,0,0,0
1.483023840530793,20,0,0,1
0.7571365737615334,21,0,2,0
0.0,5,1,1,1
0.0,378,0,2,0
0.7280313595865041,2,1,0,0
0.9595400267667249,123,1,2,0
0.0,239,0,3,0
0.0,147,0,6,0
0.0,35,0,2,0
0.0,167,0,11,0
0.0,77,1,4,1
0.316224709849812,14,1,3,0
1.125674079721524,18,0,0,1
0.7131093445735831,29,1,1,1
0.0,306,0,4,0
0.0,119,0,2,0
0.0,15,0,2,0
0.0,186,0,3,0
1.0564900742927386,798,0,7,0
0.0,112,0,3,0
1.1484705196984095,448,0,5,0
0.0,69,0,4,0
0.0,10,1,0,1
0.3682174973700226,47,1,4,0
0.0,157,0,3,0
0.6697523544435219,2,1,0,1
0.6556649865516148,1,1,2,1
0.0,18,0,5,0
0.0,124,0,3,0
0.0,84,0,2,0
0.0,245,0,5,0
0.0,169,0,5,0
0.0,218,0,4,0
0.0,280,0,2,0
0.0,26,0,1,1
1.0847677760603172,6,1,1,0
0.0,206,0,4,0
0.0,71,0,2,0
0.0,374,0,3,0
0.433804993721641,264,0,2,0
0.0,233,0,7,0
0.0,226,0,7,0
0.0,84,0,4,0
0.0,593,0,4,0
0.0,111,0,2,0
0.0,10,0,1,0
0.0,95,0,2,0
0.28180760348017664,370,0,4,0
0.0,141,0,1,0
0.0,25,1,6,0
0.5342780458653729,389,0,6,0
0.0,106,0,2,0
0.0,134,0,4,0
0.6207992573490873,1,1,1,1
1.399358025492033,27,0,1,1
0.0,101,0,2,0
0.0,7,1,0,1
0.0,236,1,6,0
0.0,904,0,0,0
0.816731882977001,10,0,0,1
0.0,217,0,4,0
0.0,102,0,4,0
0.0,85,0,6,0
0.0,243,0,4,0
0.0,3,0,1,1
0.4475649271584631,60,1,0,1
0.46547949889435847,3,0,0,1
0.0,364,0,1,0
0.0,33,0,0,1
0.0,98,0,5,0
0.0,233,0,6,0
0.0,382,0,5,0
0.0,22,0,2,0
0.0,158,0,4,0
0.0,129,0,5,0
0.0,49,0,3,0
0.0,12,1,1,1
0.0,133,0,2,0
0.0,84,0,2,0
0.13631792720380947,119,0,5,0
0.0,67,0,1,0
0.0,73,0,4,0
0.8275048503616077,28,0,0,1
0.0,67,0,8,0
0.0,18,1,3,0
1.3614179848400099,0,1,0,0
0.22615010448062803,85,0,4,0
0.959560572831896,1,1,0,1
0.0,415,0,3,0
0.0,14,1,0,1
0.0,27,0,5,0
0.0,83,0,5,0
0.0,71,0,5,0
0.0,112,0,4,0
1.8793751977223605,112,0,4,0
0.0,139,0,7,0
0.0,11,0,5,0
0.0,12,1,0,1
0.0,43,1,1,1
0.0,10,0,2,0
0.0,209,0,7,1
0.0,20,1,2,0
1.5199600857452304,170,0,1,0
0.0,38,0,3,0
0.0,176,0,3,0
0.6519281920901339,1,1,1,1
0.0,10,0,5,0
0.0,206,1,10,0
0.0,98,0,2,0
0.0,109,0,6,0
0.0,101,1,4,0
0.0,304,0,2,0
0.0,16,0,4,0
0.0,65,0,5,0
0.0,898,0,9,0
0.0,45,0,6,0
0.0,699,0,5,0
0.0,54,0,6,0
0.0,208,0,4,0
0.0,193,0,3,1
0.0,314,0,0,1
0.6503349821563222,644,0,5,0
0.5790888640093745,65,0,7,0
0.0,549,0,3,0
0.0,28,0,3,0
0.5697859484435149,250,0,4,0
0.0,437,0,3,0
0.0,100,0,1,0
0.0,107,0,4,0
0.0,49,0,2,0
0.8153080596258341,4,0,0,1
0.0,532,0,5,0
1.01811912199894,6,1,1,1
0.0,135,0,5,0
0.5096208059047704,3,0,0,1
0.0,140,0,5,0
1.1603503150733683,21,1,0,1
0.0,126,1,7,0
0.0,21,0,2,0
0.0,29,0,3,0
0.0,458,0,2,0
0.0,41,0,2,0
0.0,105,0,2,0
0.0,219,0,4,0
0.0,109,0,7,0
0.0,43,0,0,1
0.0,50,1,1,0
0.0,103,0,5,0
0.0,21,0,5,1
0.0,465,0,1,1
0.0,269,0,4,0
0.22186601690591154,682,0,8,0
0.8471484728265607,20,0,4,0
0.0,208,0,5,0
0.0,62,0,2,0
2.4966692805126898,96,0,8,0
0.0,346,0,6,0
1.2059425584983747,0,0,1,0
0.7208807420919332,24,0,1,1
0.5978062538602725,44,0,0,1
0.0,155,0,3,0
0.0,839,0,4,0
0.0,317,0,2,0
0.0,156,0,2,1
0.0,161,0,3,0
0.0,17,0,2,0
0.0,30,0,3,0
0.0,199,0,3,1
0.0,68,0,5,0
0.0,576,0,3,0
0.0,114,0,6,0
0.7420452991122175,8,1,0,1
0.0,24,0,1,0
0.0,37,0,4,0
0.0,105,0,5,0
0.0,605,0,5,1
0.5490791234154941,145,0,2,0
0.5456081905313567,101,0,1,0
0.0,378,0,7,0
0.0,328,0,2,0
0.0,98,1,5,0
0.0,547,0,1,0
0.0,156,0,3,0
0.0,651,1,0,0
1.0510119448523831,5,0,0,1
0.0,192,0,3,0
0.0,124,1,4,0
1.4600918286153648,4,1,0,1
0.0,163,0,3,0
0.0,40,0,1,0
1.0694277962668972,12,1,0,1
0.0,45,0,5,0
0.0,116,0,3,0
0.0,182,0,7,0
0.0,145,0,2,0
0.0,262,0,4,0
0.0,420,0,5,0
0.0,15,0,2,0
0.0,419,0,4,0
0.6739188658506682,10,0,0,1
0.0,112,0,4,0
0.0,444,0,4,0
0.0,304,0,2,0
0.0,158,1,1,0
0.3424674508355746,0,0,1,1
0.0,154,0,8,0
0.0,520,0,4,0
0.0,82,0,6,0
1.3382884200858023,52,1,1,1
0.0,283,0,4,1
0.0,14,1,2,1
0.0,359,0,5,0
0.4548587074779085,6,1,0,1
0.5014589885078625,375,0,2,0
0.0,542,0,4,0
0.0,34,0,6,0
0.0,486,0,3,0
0.0,4,1,0,1
0.933384387368569,47,1,0,1
0.46375395625661864,18,1,1,1
0.0,367,0,5,0
0.0,58,0,6,0
0.0,110,0,8,0
0.0,250,0,7,1
1.3189843454394787,41,1,0,1
0.0,177,0,4,0
0.0,118,0,4,1
0.0,184,0,2,0
0.0,344,1,2,0
0.0,131,0,3,0
1.336190301075861,31,1,0,1
0.0,103,0,3,0
1.0398931482682185,11,1,1,1
0.0,456,0,5,1
0.0,83,0,5,0
0.0,188,0,3,0
0.0,896,0,4,0
0.0,76,1,6,0
0.0,95,0,2,0
0.0,62,1,2,0
0.0,72,0,6,0
0.0,131,0,5,0
0.7472717330107183,71,0,7,0
0.0,547,0,2,0
1.0476066864932279,2,1,0,1
0.0,119,0,7,0
0.45517110258452426,14,1,0,1
0.0,73,0,2,1
0.0,112,1,0,0
0.0,161,0,0,0
0.0,1,0,1,1
0.0,563,0,6,0
0.0,141,0,5,0
0.0,395,0,5,0
0.0,357,0,8,0
0.0,100,0,3,0
0.0,432,1,7,0
1.4800558214117485,10,0,1,1
0.0,79,0,4,0
0.0,37,0,3,0
0.0,61,0,4,0
0.0,16,0,7,0
0.0,46,0,1,0
0.0,306,0,10,0
0.6363485179162264,16,0,0,0
0.0,85,0,8,0
0.0,128,0,8,0
0.0,191,0,4,0
0.507836503959834,31,0,0,1
0.3325679506610166,0,0,3,1
0.0,10,1,3,0
0.0,194,0,7,0
0.0,12,0,3,0
1.2164902343391544,89,0,3,0
0.0,32,0,2,0
0.11452996315158169,162,1,5,0
0.0,202,0,4,0
0.0,207,0,6,0
0.0,799,0,7,0
0.0,128,0,4,0
0.9862827923601808,5,1,1,1
0.31141317755694475,536,0,6,0
0.0,330,0,3,0
0.0,53,0,4,0
0.0,470,0,9,0
0.0,588,0,3,0
0.0,298,1,4,0
0.0,71,0,4,0
0.0,96,0,4,0
0.0,13,0,6,0
0.0,50,0,3,0
0.0,74,0,4,0
0.0,226,0,7,0
0.0,46,0,5,0
0.0,102,0,3,0
0.0,410,0,3,0
0.44028747650083866,11,0,3,0
0.0,107,0,6,0
0.0,280,0,5,0
0.0,730,0,4,0
0.0,102,0,5,0
0.0,115,0,2,0
0.0,343,0,3,0
0.0,28,0,8,0
0.0,130,0,2,0
0.3413521641340031,12,1,0,1
0.0,7,0,1,1
0.0,14,0,5,0
0.0,6,1,0,1
0.0,345,0,7,0
0.0,29,0,4,0
0.0,277,0,7,0
0.0,286,0,0,0
0.0,36,0,4,0
0.0,22,1,1,1
0.0,15,0,5,0
0.0,118,0,8,0
0.0,618,0,1,0
0.0,104,0,4,0
0.0,390,0,4,0
0.6664151390744828,3,1,0,1
0.0,56,0,6,0
0.9205310227534889,42,0,4,0
0.4393290159769294,12,0,4,0
0.4690763869586993,434,0,8,0
0.0,153,0,2,0
0.0,65,0,7,0
0.0,462,1,5,0
0.005039010607648322,187,1,5,0
0.0,48,0,1,0
0.0,6,1,2,1
0.0,119,0,5,0
0.8550387252398288,322,0,2,0
0.0,389,0,3,0
0.0,189,0,4,0
0.0,130,0,1,0
0.0,74,0,3,0
0.0,206,0,5,0
0.0,65,0,7,0
0.0,53,1,4,0
1.1730684628255195,15,0,0,1
0.9098327426342513,86,0,5,0
0.48303991613009944,187,0,3,0
0.0,20,1,0,1
0.0,60,0,3,0
0.0,21,0,7,0
0.0,223,0,5,0
0.0,283,0,2,0
0.0,60,0,5,0
0.0,22,0,3,0
0.34011397525428555,16,1,0,1
0.0,281,0,1,0
0.0,59,0,4,0
0.0,734,0,6,0
0.0,93,0,6,0
0.0,212,0,2,0
0.38400427255301534,57,1,0,1
0.0,103,0,5,0
0.0,20,0,3,1
0.0,540,0,4,0
0.0,108,0,9,0
0.0,44,0,2,0
0.0,580,0,2,0
1.2784112756750554,31,0,1,1
0.0,85,0,4,1
0.0,231,0,4,0
0.0,69,0,7,0
0.0,68,0,6,0
0.19234100423470857,28,0,4,0
0.0,101,0,3,0
0.0,92,0,2,0
0.0,27,0,3,0
0.0,91,0,6,0
0.0,236,0,5,0
0.0,349,0,4,1
0.0,93,0,4,0
0.0,467,0,4,1
0.0,152,0,7,0
0.9860008895136408,6,1,1,1
0.0,29,0,7,0
0.0,513,0,4,0
0.0,67,0,1,0
0.0,164,0,3,0
0.6122959812186284,56,0,6,0
2.6687912263278872,110,0,2,1
0.4660685143796006,5,0,0,1
0.0,227,1,8,0
0.0,147,0,6,0
0.0,35,0,3,0
0.0,10,0,5,0
1.4644034296553934,14,1,0,1
0.8910868451792893,67,0,2,0
0.0,243,0,3,0
0.0,70,0,4,0
0.0,26,1,7,0
0.0,319,0,4,1
0.0,350,0,6,0
0.0,297,0,6,0
0.0,1114,0,5,1
0.0,879,0,4,0
0.0,128,0,6,0
0.0,105,0,5,0
0.0,238,0,3,0
1.4426310436750804,9,1,1,1
0.0,233,0,5,0
0.0,89,0,1,0
0.0,407,1,7,1
0.0,13,0,4,0
0.0,281,0,5,0
0.0,111,0,6,0
0.0,22,0,2,0
0.0,75,0,8,0
0.0,540,0,5,1
0.0,124,0,2,0
1.0008816538718444,19,1,1,1
1.0648832525954266,0,1,0,1
0.0,167,0,1,1
0.0,98,0,2,0
0.0,220,0,4,0
0.0,807,0,3,0
0.0,157,0,0,0
0.0,37,0,4,0
0.0,97,0,4,1
1.0878607823953508,17,1,1,1
0.0,202,0,5,0
0.0,205,0,1,0
0.0,255,0,2,0
0.0,56,1,1,0
0.0,0,1,0,1
0.0,520,0,5,0
0.7540651215028821,56,1,0,0
0.3102056766127328,4,0,0,1
0.5099602436878271,147,0,4,0
0.0,240,0,6,1
0.8479536827377123,70,0,4,0
0.2122254414961867,487,0,8,0
0.0,315,0,2,0
0.0,952,0,11,1
0.0,3,0,0,1
0.0,109,0,3,0
0.0,216,0,6,0
0.0,154,0,2,0
0.38106411807920376,4,1,0,1
0.705740452726111,120,1,4,1
0.0,102,0,3,0
0.0,18,1,0,1
0.0,123,0,5,0
0.0,141,0,5,0
0.0,212,0,5,0
0.015151145819915033,14,0,2,0
0.0,22,0,3,0
0.0,88,0,0,0
0.0,501,0,4,0
0.0,44,1,3,0
0.0,114,0,2,0
0.0,203,0,8,0
0.0,393,1,7,0
0.0,351,0,4,0
0.0,697,0,4,0
1.0287995468932138,2,1,0,1
0.0,283,0,4,0
0.0,137,0,5,0
0.0,31,0,2,0
0.0,12,1,5,0
0.0,200,0,7,0
0.0,278,0,4,0
0.0,41,0,0,1
0.0,38,0,3,0
0.0,251,0,4,0
0.0,52,0,6,0
0.0,469,0,3,0
0.0,21,0,5,0
0.0,936,0,6,0
0.0,25,0,4,0
0.7996861858095562,26,0,0,1
0.0,598,0,4,0
0.0,15,0,0,1
0.0,57,0,6,0
0.865014592319009,29,0,0,1
0.0,73,0,4,0
0.0,100,0,6,0
0.0,237,0,4,0
0.0,454,0,2,0
0.7174204162344995,80,0,3,0
0.0,208,0,3,0
0.0,28,0,3,0
0.0,297,0,1,0
0.0,125,0,1,0
0.0,495,0,2,0
0.0,150,0,4,0
0.0,90,0,7,0
0.0,71,0,7,0
0.0,56,0,9,0
0.0,206,0,5,0
0.6041520639660158,14,0,3,0
0.0,96,0,6,0
0.0,223,0,5,0
0.0,174,0,3,0
0.28752373903532685,89,0,3,0
0.0,131,0,7,0
1.0365691813735296,75,0,3,0
0.46535666652899144,184,0,5,0
0.0,47,0,4,0
0.0,493,1,4,0
0.0,601,0,3,0
0.0,202,0,5,0
0.0,175,0,4,0
0.0,36,1,4,0
0.0,60,1,2,0
0.0,77,0,2,0
0.0,105,0,5,0
0.0,124,0,3,0
0.0,160,0,8,0
0.686024000791864,0,1,1,1
0.0,30,0,4,0
0.0,741,0,3,0
0.0,33,0,9,0
0.0,126,1,3,0
0.48268956346656094,12,0,0,1
0.0,79,0,1,0
0.45252759651854474,19,0,1,1
0.0,18,1,0,1
0.0,403,0,4,0
1.4919999617523472,5,1,0,1
0.0,152,0,9,0
0.0,244,1,2,1
0.0,60,0,3,0
0.0,1,0,1,1
0.5684394885948184,23,1,0,1
0.0,33,1,2,0
0.3582920853958288,38,0,0,1
0.0,270,0,2,1
0.0,79,0,5,0
0.0,100,0,3,1
1.2808001508171245,382,0,3,0
0.0,57,0,2,0
0.9222252067225019,7,1,0,1
0.30068526768380704,3,0,0,1
0.0,325,0,3,0
0.5704608537316013,10,0,0,1
0.0,147,0,6,0
0.0,169,0,4,0
0.0,29,0,4,0
0.0,100,0,3,0
0.0,686,0,5,0
0.0,10,0,5,0
0.0,37,0,0,0
0.0,536,0,4,0
0.0,118,1,8,0
0.0,111,0,4,0
0.0,156,0,4,0
0.0,26,0,2,0
0.0,74,0,8,0
0.0,131,0,6,0
1.3073651390547205,0,1,3,1
0.0,64,0,2,0
0.0,375,0,4,0
0.0,151,0,3,0
0.0,1,0,0,1
0.0,18,0,0,1
0.0,74,0,2,0
0.8405349481726845,3,1,0,1
0.0,341,0,3,0
1.1826114376950978,11,1,0,1
0.922261471395578,0,1,0,1
0.6821513439644427,95,0,5,0
0.0,203,0,4,0
0.0,97,0,5,0
0.0,347,0,3,0
0.0,216,0,7,0
0.8008361394962836,7,0,0,1
0.0,323,0,5,0
0.0,86,0,4,0
0.0,117,0,2,0
0.0,507,0,8,0
0.0,35,0,5,0
0.0,117,0,3,0
0.0,216,0,2,0
0.0,524,0,6,0
0.0,187,0,8,0
0.0,103,0,4,0
0.0,105,0,2,0
0.0,128,0,6,0
0.0,326,0,2,0
0.0,617,0,1,0
0.0,85,0,0,0
0.0,164,0,3,0
0.0,146,0,3,0
0.0,54,0,5,0
1.4588037082758203,2,1,1,1
1.0398924956954279,3,0,0,1
0.0,66,0,6,0
0.34310145760731237,1,1,0,1
0.0,69,0,5,0
0.0,293,0,3,0
0.0,182,0,3,0
0.0,73,1,8,0
0.0,44,0,4,0
0.0,74,0,2,0
0.9521720862041231,1050,1,5,0
0.7135794384849207,1,1,1,1
0.0,6,0,0,1
0.0,233,0,2,0
0.0,425,0,4,0
0.0,1158,0,6,0
0.0,414,0,5,0
0.8140545791910456,47,1,0,1
0.0,36,0,0,1
1.3864211823844939,278,0,3,0
0.0,421,0,6,0
0.6576575118008967,27,0,0,1
0.0,400,0,6,0
0.0,90,0,5,0
0.0,156,0,1,0
0.0,512,0,4,0
0.0,219,0,6,0
0.863760079583116,28,0,1,1
0.0,582,0,5,0
0.0,11,0,2,0
0.23168489552603555,358,0,2,1
0.0,91,0,4,0
0.8961808760956959,11,1,0,1
0.0,183,0,5,0
0.0,56,0,2,0
0.0,195,0,5,0
0.0,24,0,6,0
0.27320573907345347,40,0,3,0
0.0,673,0,2,0
0.0,301,0,3,0
0.0,778,1,3,0
0.0,717,0,5,0
0.0,139,0,6,0
0.0,96,1,3,0
0.0,61,0,3,0
0.7787766429248877,227,0,3,0
0.0,382,0,1,0
0.7835846581552548,5,1,1,1
0.0,269,0,5,0
0.0,59,0,7,0
0.0,665,0,9,0
1.2080609121882449,18,0,0,0
0.0,359,0,8,0
0.0,99,0,2,0
0.0,142,0,6,1
0.0,2,0,2,1
0.0,675,0,6,0
1.342407900158043,202,0,1,0
0.0,108,0,8,0
0.0,47,0,2,0
0.0,597,0,3,0
0.0,104,0,4,0
0.0,31,0,4,1
0.6992599325116159,263,0,5,0
0.0,62,0,4,0
0.0,59,0,3,0
0.0,315,0,3,0
0.0,215,0,7,0
0.0,144,0,1,0
0.0,105,0,1,0
0.0,53,0,4,0
0.0,13,0,1,1
0.0,217,0,0,0
0.0,128,0,3,0
0.0,18,0,1,0
0.5140683715844115,1,1,1,1
0.0,40,0,3,0
0.0,124,1,5,0
0.0,3,1,1,1
0.0,98,0,3,0
0.0,46,0,1,0
0.0,378,0,1,0
0.0,100,0,3,0
0.0,43,1,4,0
0.0,345,0,6,0
1.221131508556391,189,0,3,0
0.0,68,0,2,0
0.0,387,0,3,0
0.0,127,0,1,0
0.0,138,0,4,0
0.699250038245472,126,1,2,0
0.0,216,0,6,0
0.0,446,1,2,0
0.0,99,0,2,0
0.7042905175398196,17,1,1,1
0.0,299,0,2,0
0.0,270,0,6,0
0.0,286,0,3,0
0.0,59,0,4,0
0.0,26,0,2,0
0.0,14,1,1,1
1.6955778356130398,221,0,6,0
0.0,57,1,1,0
0.0,65,0,6,0
0.0,238,0,0,0
0.0,107,0,4,1
0.0,340,0,4,0
0.0,15,0,5,0
0.0,88,0,4,0
1.1349844539876266,6,1,1,1
0.0,165,0,6,0
0.0,42,0,5,0
0.0,375,0,5,0
0.0,518,0,4,0
0.6149400983669252,4,1,1,1
0.0,411,0,3,0
0.0,409,0,4,0
0.0,79,0,6,0
0.0,473,0,6,0
0.0,229,0,7,0
0.0,121,0,9,0
0.0,290,0,6,0
0.0,17,0,3,0
0.7216274951461695,12,1,1,1
1.011045178645505,2,1,0,1
0.0,223,0,6,1
0.0,185,0,2,0
1.0460552172897921,25,0,1,0
0.0,47,0,4,0
0.0,286,0,1,0
0.8003517349963517,202,0,2,0
0.0,467,0,5,0
0.0,317,0,7,0
0.0,168,0,2,0
0.0,333,0,2,0
0.0,140,0,3,0
0.0,80,0,3,0
0.0,127,0,8,0
0.0,43,1,2,0
0.0,54,0,7,0
0.0,1051,0,1,0
0.0,72,0,4,0
0.0,70,0,10,0
0.0,149,0,8,0
0.5878404944309532,3,0,0,1
0.0,61,1,6,0
0.0,2,1,1,1
0.0,64,0,1,0
0.0,182,0,2,0
0.6187145132452372,416,0,4,0
0.0,175,1,3,0
0.0,55,0,2,0
0.0,67,0,1,0
0.0,119,0,3,0
0.0,353,0,3,0
0.0,62,0,2,0
0.0,369,0,5,0
0.9439260336894709,463,0,2,0
0.0,76,0,7,0
0.0,242,0,3,0
0.0,187,0,4,0
0.0,120,0,3,0
0.0,620,0,3,0
0.0,250,0,8,0
0.0,135,0,3,0
0.0,45,0,1,0
0.0,305,0,5,0
0.0,258,0,6,0
0.0,35,1,2,0
1.2097147201095013,19,0,1,1
0.6980541353535038,7,1,1,1
0.0,317,0,4,0
0.0,151,0,2,0
0.0,496,0,6,0
0.0,23,0,1,0
0.0,651,0,4,0
0.0,411,0,3,0
0.0,14,0,5,0
1.159712537216616,1,0,2,1
0.8450983927463589,5,0,0,1
0.0,419,0,5,0
0.0,17,0,3,0
0.0,249,0,2,0
0.0,191,0,4,0
0.0,77,0,6,0
0.0,520,0,4,0
0.0,92,0,5,0
0.0,398,0,3,0
0.0,11,0,6,0
0.0,219,0,3,0
0.0,362,1,1,0
0.0,107,0,4,0
0.0,501,0,2,1
0.0,161,0,6,0
0.4506044388364398,18,0,0,1
0.0,77,0,2,0
0.0,73,0,4,0
0.0,15,0,6,0
0.0,93,1,4,1
0.0,387,0,2,0
0.026239483384904384,326,0,1,0
0.0,55,0,6,0
0.0,612,0,1,0
0.0,177,0,2,0
0.7074869808268202,48,1,0,1
0.0,187,0,4,0
0.0,79,0,3,0
0.0,16,0,0,1
0.0,215,0,5,0
1.3176249733755154,6,1,1,0
0.0,294,0,5,0
0.0,619,1,1,0
0.0,270,0,3,1
0.0,96,0,3,0
0.0,106,0,3,0
0.0,287,0,3,0
0.0,125,1,1,0
0.0,134,0,8,0
0.0,309,0,2,0
0.0,186,0,4,0
0.0,97,0,5,0
0.0,196,0,4,0
0.0,106,0,4,0
0.0,196,0,5,0
0.0,186,0,2,1
0.8629185126935175,0,0,0,1
0.0,457,0,3,0
0.0,29,0,4,0
1.6396396165457268,1175,0,2,0
0.0,137,0,3,0
0.0,102,0,3,0
0.0,83,0,5,0
0.0,160,0,5,0
0.0,212,0,4,0
0.7947029626219975,21,0,4,0
0.0,615,0,6,0
0.0,224,0,6,0
0.0,17,0,3,0
0.0,457,0,4,0
0.0,100,0,5,0
0.0,286,0,4,0
0.0,247,0,5,0
0.0,97,0,1,0
0.0,364,1,3,0
0.0,545,0,3,0
0.0,131,0,6,0
0.992902764446787,13,0,0,1
0.0,2,1,1,1
0.0,176,0,1,0
0.0,11,0,1,0
0.07336496152246755,39,0,6,0
0.4794672235087511,1,1,0,1
0.0,156,0,4,0
0.0,333,0,2,1
0.0,232,0,5,0
0.0,195,0,2,0
0.0,104,0,6,0
0.0,31,0,5,0
0.0,22,0,0,1
0.0,175,0,3,0
0.5202738565912928,5,1,1,1
0.0,89,0,5,0
0.0,156,0,3,0
0.0,29,0,5,0
0.0,89,1,2,0
0.0,51,0,1,0
0.0,224,0,6,0
0.0,821,0,5,0
0.0,37,0,5,0
0.0,25,0,5,0
0.0,142,0,1,0
0.0,167,0,2,0
0.0,395,0,7,0
0.0,232,0,8,0
0.0,125,0,7,0
1.117767158382964,31,1,0,1
0.0,68,1,6,0
0.0,158,0,4,0
0.0,153,0,10,0
0.0,16,0,4,0
0.0,12,0,7,0
0.0,62,0,6,0
0.0,117,0,3,0
0.0,136,0,3,0
0.0,241,0,7,0
0.0,82,0,3,0
0.0,1462,0,4,0
0.0,75,0,4,0
0.0,58,0,3,0
0.0,127,0,5,0
0.0,14,0,6,0
0.0,243,0,2,0
0.0,197,0,5,0
0.0,395,0,2,0
0.0,206,1,6,0
0.6970467253818466,354,1,5,0
2.29671898182378,41,0,3,0
0.0,52,0,3,1
0.0,780,0,5,0
0.0,322,0,2,0
0.0,41,0,3,0
0.0,15,0,7,0
0.0,118,0,4,0
0.0,308,0,2,0
0.5638987836142325,76,0,2,0
0.0,170,0,2,0
0.0,324,0,6,0
0.0,11,1,0,1
0.0,837,1,2,0
0.0,167,0,1,0
0.0,32,0,2,0
0.9258316547425477,5,1,0,1
0.0,769,0,3,0
0.5848859936078887,29,0,1,1
0.7303212570472541,417,0,9,0
0.8529406930040714,57,0,4,0
0.0,26,0,4,0
0.0,156,0,5,0
0.0,429,0,0,0
0.0,97,0,4,0
0.0,379,0,4,0
0.0,42,0,10,0
0.7105754795840241,16,1,0,1
0.0,29,0,0,1
0.0,252,0,3,0
0.0,80,0,4,0
0.0,380,0,3,0
0.0,656,0,2,0
0.5342409867355171,3,1,0,1
0.0,533,0,5,0
0.0,849,0,3,0
0.0,892,0,4,0
0.0,300,0,6,0
0.0,298,0,4,0
0.0,188,0,8,0
0.0,231,0,5,1
0.0,55,0,8,0
0.0,10,0,3,0
0.0,78,0,1,0
0.0,17,0,0,1
0.0,246,0,5,0
0.0,767,0,4,0
0.0,284,0,8,0
0.5716103946289606,33,1,3,0
0.0,243,0,9,0
0.9952552859813827,1,1,0,1
0.0,116,0,4,0
0.0,248,1,6,0
0.0,213,0,3,0
0.0,73,0,9,0
0.0,42,0,6,0
0.0,186,0,2,0
0.0,120,0,4,0
0.0,81,0,5,0
0.0,82,0,3,0
0.0,857,0,5,0
0.0,33,0,2,0
0.6215496349872249,4,0,1,0
0.0,201,0,1,0
1.4051547964534992,7,1,0,1
0.0,14,1,2,0
0.0,11,0,3,0
0.8493820965678146,27,1,1,1
1.2987944807799339,38,1,4,1
1.063858319631652,7,1,1,1
0.0,314,0,6,0
0.0,175,0,5,0
1.2710296260867362,31,1,1,1
0.0,956,0,3,0
0.0,23,1,1,0
0.0,500,0,4,0
0.0,15,1,0,1
0.0,22,0,3,0
0.8326148118030849,541,0,4,0
0.0,156,0,3,0
0.0,28,0,5,0
0.0,8,0,2,1
0.0,106,1,2,0
0.0,100,0,5,0
0.0,402,0,3,0
0.0,351,0,4,0
0.0,53,0,3,0
0.0,219,0,3,1
0.0,31,1,4,0
0.0,114,0,4,0
0.8157193839639788,91,0,4,0
0.16370350608154072,91,0,6,1
0.0,66,0,3,0
0.0,3,1,0,1
1.395500033701716,15,0,2,1
0.52367762327262,62,0,1,0
0.0,387,0,2,1
0.0,730,0,5,0
0.0,213,1,3,0
0.0,583,0,7,0
1.1903847228527984,14,1,3,0
0.5917596558874352,89,0,2,0
0.0,228,0,8,0
0.0,333,0,7,0
0.0,253,0,3,0
0.0,149,0,3,0
0.0,65,0,4,0
0.0,298,0,9,0
0.0,34,0,5,0
0.0,342,0,3,0
0.0,25,0,4,0
0.0,102,0,3,0
0.0,1102,0,9,0
1.3263278299138566,459,0,2,0
0.0,58,0,2,0
0.0,107,0,2,0
1.0467179808331135,9,1,0,1
0.9695602726440958,15,0,1,1
0.0,326,1,2,0
0.0,266,1,3,0
0.0,124,0,2,0
0.0,63,0,6,0
0.0,20,0,2,0
0.0,45,0,6,0
0.0,133,0,2,0
0.0,834,0,5,0
0.0,32,0,7,0
0.6837247137480456,97,1,3,0
0.0,80,0,4,0
0.0,244,0,4,0
0.0,252,0,2,0
0.3699942745813001,5,1,1,1
0.31581208601130784,20,1,1,1
0.0,69,0,3,0
0.0,503,0,6,0
0.0,271,1,10,0
0.0,126,0,3,0
0.0,180,0,3,0
0.0,135,0,1,0
0.0,143,0,6,0
0.0,11,0,4,0
0.7063208223395969,27,0,1,1
0.48512104111328014,97,0,3,0
0.0,308,1,1,0
0.0,131,0,3,0
0.0,63,0,4,0
0.0,299,0,5,0
0.5855659148565012,44,1,0,1
0.0,38,0,4,0
0.0,111,0,3,0
0.0,128,0,3,0
1.4409532185117573,6,0,0,1
0.0,349,0,3,0
0.0,37,0,4,0
0.0,113,1,7,0
0.5114865707964287,6,1,0,1
0.3618654990632668,49,0,3,0
0.0,105,0,5,0
0.0,52,0,4,0
0.0,424,0,2,0
0.0,204,0,5,1
0.0,476,0,1,0
0.5036359246353341,13,1,0,0
0.4320737690712974,3,1,1,1
0.0,8,0,2,1
0.0,521,0,4,1
0.4312272935700015,1,0,0,1
0.0,352,0,7,0
0.0,96,0,2,0
0.0,219,0,2,0
0.0,182,0,4,0
0.0,241,0,4,0
1.1032519111369044,5,1,1,1
0.0,150,0,3,0
0.8713957328158853,77,0,4,0
0.0,31,0,6,0
0.0,37,0,4,0
0.0,538,0,3,0
0.0,15,0,3,0
0.0,314,0,5,0
0.0,245,0,6,0
0.0,473,0,3,0
1.4694173556403316,32,0,5,0
0.0,48,0,2,0
0.0,599,0,3,0
0.0,119,0,7,0
1.4977785709907185,6,1,0,1
0.0,237,0,5,0
0.28422611176863033,83,0,2,0
0.91035020886139,36,0,0,1
0.0,263,0,6,0
0.6019652899470392,898,0,4,0
0.0,188,0,3,0
0.0,95,0,2,0
0.0,132,0,1,0
0.0,77,0,1,0
0.0,534,0,2,0
0.06919910400528832,59,0,4,0
0.0,275,0,6,0
0.0,185,1,5,0
0.0,33,0,8,0
0.0,222,0,3,0
0.0,277,0,1,0
0.0,109,0,2,0
0.3977257627617362,1552,0,5,0
0.0,10,0,5,0
0.0,13,0,7,0
0.0,148,0,4,0
0.5158219841240954,18,1,0,1
0.0,105,0,1,0
0.0,93,0,2,0
0.0,10,0,3,0
0.0,259,0,2,0
0.0,351,0,4,0
1.393772211096195,295,0,4,0
0.0,66,0,3,0
0.0,253,0,5,0
0.19914299054359735,15,0,6,0
0.0,16,0,8,0
0.0,39,0,3,0
1.4406813336980686,8,0,1,1
0.0,158,0,6,0
0.0,717,0,2,0
0.0,270,0,0,0
0.0,675,0,3,0
1.3786403024081408,43,1,1,1
0.7566571085051182,6,1,0,1
0.0,213,0,3,0
0.0,66,0,4,0
0.0,10,1,1,1
0.0,79,0,2,0
0.0,123,0,3,0
0.0,82,0,2,0
0.0,215,0,6,0
0.0,11,1,1,1
0.0,122,1,12,0
0.0,214,0,3,0
0.0,561,0,8,0
0.0,280,0,3,0
0.0,25,1,5,0
0.0,1228,0,4,0
0.0,141,1,3,0
0.0,44,0,3,0
0.0,504,0,1,0
0.4264675695505275,108,0,1,0
0.0,348,0,2,0
0.0,34,0,6,0
0.0,87,0,4,0
0.08590136825323544,81,0,1,0
0.0,277,0,2,1
0.0,94,0,3,0
0.0,467,0,1,0
0.9906784263629346,18,1,0,1
0.0,308,0,3,0
0.0,76,0,5,0
0.0,561,0,4,0
0.0,425,0,4,0
0.0,319,0,3,0
0.0,340,0,3,0
0.0,483,0,4,0
0.7667411955772664,31,0,6,0
0.6420614405699484,6,1,0,1
0.0,28,0,9,0
0.0,517,0,4,0
0.0,209,0,2,1
0.0,17,0,3,0
0.0,77,0,2,0
0.0,11,0,0,1
0.0,305,0,1,0
0.0,137,0,5,0
0.0,575,1,3,1
0.0,257,0,2,0
0.0,56,0,4,0
0.0,604,0,5,0
0.0,277,0,2,0
1.2984092628836246,3,0,0,1
0.0,445,0,4,0
0.0,212,0,5,0
0.0,159,0,6,0
0.0,22,0,0,1
0.0,130,0,5,0
0.0,275,0,4,0
0.0,3,1,0,1
0.0,120,0,5,0
0.0,34,1,1,0
0.0,128,0,3,0
0.0,254,0,3,0
0.0,31,1,0,0
0.0,306,1,6,0
0.0,97,0,1,0
0.0,12,0,4,0
0.0,131,0,4,0
0.0,30,0,2,0
0.4423447341796603,11,0,1,1
0.0,550,0,0,0
0.0,14,1,1,0
0.0,336,0,5,0
1.3025614130716563,12,0,1,1
0.0,562,0,3,0
0.0,208,0,5,0
0.0,298,0,6,0
0.0,2,0,0,1
0.0,187,1,3,0
0.0,148,0,3,0
0.7473016592149919,10,1,0,1
0.0,15,0,0,1
0.0,171,0,7,0
0.68622930651925,96,0,5,0
1.0647951786529848,103,0,3,0
0.0,437,0,5,0
0.6974385069085063,87,0,2,0
0.0,36,0,6,0
0.0,382,0,2,0
0.0,28,0,1,1
0.0,341,0,0,0
0.0,178,0,5,0
0.0,207,0,4,0
0.0,44,0,4,0
0.3520353534272938,91,0,3,0
0.8574421347710204,33,1,1,1
0.0,267,0,4,0
0.0,191,1,6,0
0.0,116,0,6,0
0.0,61,0,7,0
0.0,85,0,5,0
1.697829537040795,535,0,2,0
0.0,9,1,0,1
0.0,169,0,5,0
0.775860206746585,32,0,1,1
0.5202866018143599,127,0,2,0
0.0,222,0,3,0
0.0,219,0,3,0
0.0,37,0,3,0
0.0,653,1,2,0
0.0,578,0,2,0
0.21840395175319063,42,0,3,0
0.0,509,1,4,0
0.0,49,0,4,0
0.5038714788936695,4,1,0,1
1.2485147036457187,11,0,0,1
0.0,203,0,5,0
0.0,266,0,4,0
0.0,232,0,3,0
0.0,208,0,5,0
1.423427238735948,22,1,0,1
0.0,101,0,2,0
0.0,152,0,3,0
0.0,361,0,3,0
0.0,416,0,4,0
0.0,16,0,3,0
0.6173055087358481,14,0,3,0
0.0,74,0,2,0
0.3465149302686959,387,0,6,0
1.2281731874943966,0,1,1,1
0.6612185457544846,132,0,4,0
0.5772587769316185,0,0,1,1
0.0,234,0,5,0
0.0,83,0,2,0
0.0,52,0,4,0
0.0,216,1,5,0
0.385465022798683,11,0,3,0
0.0,233,0,6,0
0.4643510830584442,142,0,2,1
0.0,42,0,1,0
0.0,19,0,5,1
0.0,454,0,1,0
0.0,126,0,5,0
0.0,6,1,0,1
0.0,295,0,9,0
0.0,616,0,2,0
0.0,421,0,5,0
0.6720210412566003,64,0,0,0
0.0,615,1,4,0
0.0,248,0,2,0
0.0,189,0,2,0
0.0,543,0,3,0
0.0,81,0,3,0
0.0,48,0,6,0
0.0,262,0,1,0
0.0,196,0,5,0
0.0,23,0,4,0
0.0,381,0,5,0
0.0,199,0,8,0
0.0,61,0,4,0
1.236524204870384,4,1,0,1
0.0,720,0,0,0
0.0,205,0,3,0
0.0,232,0,2,0
0.0,44,0,3,0
0.0,163,0,2,0
0.0,128,0,1,0
0.0,87,1,5,0
0.0,35,0,9,0
0.5350668474960096,26,0,2,1
0.0,158,0,3,0
0.0,79,0,2,0
0.0,41,0,5,0
0.0,8,1,1,0
0.0,76,0,2,0
0.0,367,0,6,0
0.0,306,0,8,0
0.0,21,0,6,0
0.0,6,0,0,1
0.0,193,0,6,0
0.0,34,0,1,1
0.0,133,0,5,0
0.0,334,0,2,0
0.0,30,0,3,0
0.0,179,0,1,0
0.0,245,0,6,0
0.0,66,0,4,0
0.04985598314817543,227,0,4,0
0.0,145,0,3,0
0.6822054782191002,100,0,3,0
0.0,54,0,2,0
0.0,88,0,5,0
0.8439978831508439,131,0,2,0
0.0,510,0,3,0
0.15548741616364958,146,0,5,0
0.0,213,0,5,0
0.0,387,0,7,0
0.0,26,0,4,0
0.0,3,1,3,1
0.0,484,0,8,0
0.0,199,0,9,0
0.0,137,0,0,0
0.0,39,0,4,0
0.7479414584965769,383,0,1,0
0.371485067084575,3,0,0,1
0.7805202660537937,88,0,6,0
0.0,10,0,5,0
0.0,49,0,4,0
0.0,479,0,1,0
0.0,119,0,6,0
0.0,545,0,5,0
0.0,190,0,3,0
0.0,121,0,3,1
0.0,174,0,2,0
0.0,211,0,4,0
0.0,11,0,3,0
1.0612307045841847,18,1,2,1
0.0,200,0,9,0
0.0,140,0,4,0
0.0,9,1,0,1
0.0,135,0,3,0
0.0,19,0,3,1
1.3024282875527806,1,1,0,1
0.0,574,0,2,0
0.0,652,0,2,1
0.0,299,0,4,0
0.0,94,0,5,0
0.0,96,0,6,0
0.0,536,1,3,0
0.0,105,0,6,0
0.0,259,0,5,0
0.0,286,0,3,0
0.0,38,0,2,0
0.0,199,0,4,0
0.0,78,0,6,0
0.0,300,0,5,0
0.0,117,0,2,0
0.0,17,0,4,1
1.4138050077286393,5,1,0,1
0.0,61,0,3,0
0.0,147,0,3,0
0.0,130,0,4,0
0.0,676,0,3,0
2.156311081004433,199,0,6,0
0.0,46,0,3,0
0.0,161,0,6,0
0.0,82,1,7,0
0.0,179,0,5,0
0.0,13,0,3,1
0.0,142,0,7,0
0.0,255,0,3,0
0.0,42,0,3,0
0.0,185,0,7,0
0.0,161,0,5,0
1.1789969021618159,0,0,0,1
0.0,20,0,0,1
0.0,31,0,3,0
0.0,12,1,0,0
0.0,83,1,2,0
0.0,89,0,5,0
0.0,160,1,5,0
0.0,118,0,4,0
0.0,2,0,0,1
0.0,46,0,3,0
0.0,308,0,2,0
0.0,173,0,6,0
0.0,57,0,3,0
0.0,705,0,1,0
0.0,47,0,6,0
0.0,202,0,2,0
0.0,27,0,5,0
0.0,329,0,4,0
0.0,159,1,6,0
0.0,13,1,4,0
0.0,181,0,6,0
0.0,94,1,4,0
0.0,147,0,6,0
0.0,66,0,4,0
0.0,364,1,5,0
0.0,1,1,0,0
0.0,143,0,3,0
0.0,168,0,2,0
0.2904103314252365,94,0,7,0
1.5867220717739259,443,0,2,0
0.0,234,1,2,0
0.0,112,0,4,0
0.0,169,0,7,0
0.0,23,0,2,0
0.0,69,0,1,0
0.0,5,1,1,1
0.10257173803831364,493,0,4,1
0.0,167,0,6,0
0.0,510,1,3,0
0.0,570,0,3,0
0.0,75,0,4,0
0.0,298,0,5,0
0.0,353,1,7,0
0.0,112,0,3,0
0.0,80,0,2,0
0.0,203,0,3,0
0.0,224,0,4,0
0.0,95,1,4,0
0.0,35,0,8,0
0.0,36,0,4,0
0.8268859485712277,28,1,1,1
0.0,73,1,3,0
0.0,80,0,3,0
1.1033789652206347,7,1,1,1
0.0,143,0,8,0
0.0,257,0,5,0
0.0,875,0,5,0
1.3107528716624604,21,1,1,0
0.17255701107061905,84,0,4,0
0.0,385,0,7,0
0.0,217,0,3,0
0.8084983531970901,229,0,7,0
0.0,360,1,4,0
0.4594323862566067,130,0,7,0
0.0,131,0,3,0
0.07688581434276816,251,0,5,0
0.0,308,0,1,0
0.0,68,0,5,0
0.0,120,1,2,0
0.553806896873537,206,0,4,0
0.0,258,0,3,0
0.0,513,0,1,0
0.0,176,0,7,0
0.0,87,0,4,0
0.0,11,0,3,0
0.41117932895713233,3,0,1,1
0.0,361,0,4,0
0.0,720,0,3,0
0.0,344,0,5,0
0.0,52,0,5,0
0.0,118,0,6,0
0.0,220,1,5,0
0.0,45,0,5,0
0.0,457,0,3,0
0.0,18,0,5,0
0.0,185,0,4,0
0.0,258,0,5,0
0.0,0,1,2,1
0.0,339,0,4,0
0.0,546,1,6,0
0.0,88,0,2,0
0.0,95,0,4,0
0.0,58,0,0,0
0.36838330559936017,0,1,0,1
0.0,602,0,6,0
0.0,124,0,3,0
0.0,47,0,5,0
0.0,11,0,4,0
0.0,19,0,6,0
0.0,246,0,8,0
0.0,79,1,4,0
0.0,417,0,3,0
0.847383579862712,8,0,0,1
0.0,59,0,5,0
0.0,217,1,3,0
0.0,467,0,1,0
0.0,23,0,6,0
0.6100293720057762,3,0,0,1
0.0,85,0,2,0
0.0,272,0,5,0
0.0,141,0,2,1
0.0,74,0,8,0
0.0,15,0,1,0
0.0,177,0,3,0
0.6364497605252697,316,0,4,0
0.0,156,0,4,0
0.0,1748,1,3,0
0.10290724514163269,45,0,4,1
0.0,10,0,2,1
0.0,477,0,9,0
0.0,298,0,5,0
0.15995697481231694,115,0,3,0
0.0,25,0,1,0
0.0,100,0,8,0
0.0,200,0,5,0
0.0,250,1,3,0
0.0,65,0,5,0
0.0,65,0,4,0
0.0,214,0,6,0
1.1439370506862943,53,0,4,0
1.2818965081097373,48,0,5,0
0.0,100,0,4,0
1.2121979808602443,85,0,4,0
0.0,121,0,3,0
0.0,111,0,4,0
0.0,601,0,3,0
0.0,51,0,3,0
0.0,110,0,3,0
2.7084133550046716,43,0,2,0
0.0,125,0,1,0
0.48335045882300876,18,0,0,1
0.0,216,0,4,1
0.0,58,1,3,0
0.0,161,0,3,0
0.0,72,0,2,0
0.0,178,0,3,0
0.0,291,0,1,0
0.0,13,0,4,1
0.0,108,0,5,0
0.0,58,0,1,1
0.0,238,0,6,0
0.2547213617702398,48,0,6,0
0.0,98,0,5,0
0.0,390,0,2,1
0.0,32,1,1,1
0.0,128,0,4,0
0.0,505,0,2,0
0.0,306,1,4,0
0.0,151,0,4,0
0.0,2,0,1,1
0.0,34,0,4,0
0.0,179,0,3,0
1.4130339497365731,2,0,1,1
0.0,151,0,1,0
0.0,108,0,3,1
1.3908265851219481,4,0,2,1
0.0,228,0,2,0
0.0,316,0,3,0
0.0,17,1,4,0
0.0,437,0,3,0
0.0,27,0,5,0
1.2242698265214718,28,0,7,0
0.0,93,1,6,0
0.0,147,0,7,0
0.0,164,1,8,0
0.0,212,0,2,0
0.0,2,1,0,1
0.0,425,0,3,0
0.0,20,0,9,0
0.0,793,0,3,0
0.05320759019413395,373,0,4,1
0.0,22,0,3,0
0.0,23,0,5,0
0.0,52,0,4,0
0.0,13,1,4,0
0.0,40,0,4,0
0.0,276,0,7,0
0.0,21,0,3,1
0.0,31,0,2,0
0.0,98,0,6,0
0.8400695663550132,0,0,1,1
0.0,206,0,7,0
0.0,30,0,4,0
0.0,98,0,4,0
0.29963256693512036,254,0,3,0
0.0,75,0,5,0
0.0,645,0,4,0
1.046226362178703,13,1,0,1
0.7738804703894259,45,0,2,1
0.0,1,0,1,1
0.0,38,0,2,0
0.3323066382691835,12,1,0,1
0.0,15,0,0,1
0.0,134,0,3,0
0.0,124,0,3,0
0.0,11,0,6,0
0.0,208,0,9,0
0.0,181,0,5,0
0.0,28,0,6,0
0.16763437264027242,93,0,8,0
0.0,100,0,2,1
0.0,465,0,3,0
0.0,242,0,6,0
0.0,136,0,1,0
0.0,145,0,3,1
1.2658515762801565,399,0,3,0
0.0,74,0,2,1
0.0,187,0,0,0
0.0,142,1,4,0
0.0,275,0,1,0
0.0,93,0,4,0
0.0,72,0,5,0
0.0,91,0,1,0
0.0,8,0,0,1
0.0,93,0,4,0
0.0,196,0,5,0
0.0,35,0,3,0
0.0,77,0,9,0
0.0,236,0,6,0
0.2966325322085214,170,0,7,0
0.0,226,0,4,0
0.0,39,0,4,0
0.0,54,0,5,0
0.0,21,0,2,0
0.0,37,0,5,0
1.3775785737270356,188,0,5,0
0.503831837385072,0,0,0,1
0.0,52,0,3,0
0.0,437,0,5,0
0.0,185,0,2,0
0.0,7,0,0,1
0.0,46,0,3,0
0.0,67,0,2,0
0.0,5,1,1,1
0.9787167139790844,812,1,2,0
0.0,66,0,6,0
0.0,232,0,0,0
0.0,112,0,3,0
0.0,51,0,3,0
0.0,143,0,1,0
0.0,96,0,4,0
0.0,129,0,4,0
0.0,31,0,3,1
0.0,837,0,6,0
0.0,395,0,4,0
0.0,328,0,0,0
0.0,187,0,2,0
0.0,307,0,5,0
0.0,102,0,4,0
0.0,1,0,0,1
0.6466503973095343,77,0,6,1
0.0,79,1,3,0
0.0,32,0,7,0
0.0,65,0,6,0
0.0,327,0,4,0
0.0,150,0,2,0
0.0,67,0,9,0
0.0,62,0,2,0
0.0,278,0,4,0
1.0571964827630647,27,0,1,1
0.456965192415401,31,1,2,1
0.0,27,0,2,0
0.0,341,0,3,0
0.0,604,0,5,0
1.4040034135935375,4,1,0,0
0.0,98,0,3,1
0.962983408499773,86,0,5,0
0.0,508,0,7,0
0.0,313,1,2,0
0.0,678,0,3,1
0.0,103,0,4,0
0.0,505,0,6,0
0.0,122,0,3,0
0.18829265367256565,81,0,1,0
0.0,343,0,5,0
0.0,14,0,3,0
0.0,170,0,4,0
0.0,54,0,3,0
0.0,22,0,3,0
0.7107647875552195,65,0,3,0
0.0,231,0,3,0
0.0,45,0,4,0
0.0,81,0,6,0
0.0,70,0,3,0
0.0,69,0,6,0
0.0,42,0,5,0
0.0,588,0,4,0
0.0,205,1,10,0
0.0,19,0,3,0
0.0,255,0,4,0
0.0,216,0,6,0
0.0,142,0,4,0
0.0,249,0,4,1
0.0,50,0,4,0
0.0,127,1,0,0
0.0,470,0,9,0
0.0,277,0,4,0
0.0,74,0,3,0
0.0,461,0,4,0
0.0,309,0,4,0
0.0,29,0,5,0
0.03626111451545234,200,0,2,0
0.0,72,1,4,1
0.0,26,0,4,0
0.0,13,0,0,0
0.0,158,0,6,0
0.0,226,0,4,0
0.0,108,0,2,0
0.0,39,1,1,0
0.8026918802785393,45,0,1,0
0.4417938051551209,0,0,0,1
0.0,227,0,1,0
0.0,126,0,4,0
0.0,98,1,4,0
0.0,163,0,7,0
0.0,156,1,5,0
0.6711334143754291,436,0,5,0
0.0,1,1,0,1
0.0,378,0,6,0
0.0,195,0,9,0
0.6267735366878844,59,0,4,0
0.0,143,0,6,0
0.6508746104129959,4,0,0,1
0.4229938688409766,3,0,0,1
0.0,484,0,1,0
0.0,25,0,0,1
0.0,404,0,3,0
1.1529558384832894,213,0,2,0
0.0,56,0,5,0
0.0,38,0,0,0
0.8218231380643934,24,1,5,0
0.33637641867685775,13,0,0,1
0.0,127,0,3,0
0.0,425,1,7,0
0.8341763295044649,3,1,1,1
0.5352299272204231,68,0,6,0
0.5817252301801955,671,0,5,0
0.0,129,0,6,0
0.0,23,0,2,0
0.0,193,0,3,0
0.0,2108,0,8,0
0.0,63,0,8,0
0.0,47,0,2,0
0.757289682796795,115,0,4,0
0.0,488,0,5,0
0.0,42,0,4,0
0.0,53,0,3,0
0.0,331,0,2,0
0.0,185,0,7,0
0.0,11,0,1,1
0.0,153,0,11,0
0.0,49,0,4,0
0.5708282910842158,0,1,0,1
0.0,406,0,4,0
0.0,47,0,7,0
0.0,92,0,3,0
0.527115412292988,52,0,4,0
0.0,151,0,6,0
0.0,24,0,6,0
0.0,0,0,0,1
0.0,190,0,4,0
0.0,69,0,2,0
0.0,200,0,3,0
0.0,24,1,0,1
0.0,544,1,5,0
0.0,232,1,1,0
0.0,965,0,6,0
0.0,116,1,6,0
0.0,11,0,0,0
0.0,552,0,3,1
0.0,145,0,6,0
0.0,207,0,2,0
0.0,19,1,0,1
0.0,264,0,3,0
0.0,492,0,3,0
0.0,2,0,1,1
0.0,46,0,4,0
0.0,28,0,4,0
0.0,246,0,5,0
0.0,871,0,4,0
0.0,441,0,5,0
0.835537486680517,11,1,1,1
0.582440666614734,139,0,6,0
0.0,389,0,3,0
0.0,156,0,5,0
1.3481822960103294,56,0,4,1
0.0,70,0,6,0
0.0,133,0,3,0
0.0,37,0,4,1
0.0,34,0,1,1
0.0,507,0,3,0
0.0,26,0,9,0
0.0,233,0,3,0
0.0,110,0,3,1
0.0,252,0,3,0
0.0,147,0,4,0
0.0,189,0,4,0
0.0,693,0,4,0
0.0,127,0,9,0
0.0,327,0,2,0
0.0,372,1,1,0
0.0,214,0,2,0
0.0,563,0,1,1
0.0,415,1,2,0
0.0,18,0,1,0
0.0,1599,1,4,0
0.0,51,0,3,0
0.0,195,0,2,0
0.0,96,0,5,0
0.0,1350,0,4,0
0.0,227,0,3,0
0.0,195,0,6,0
0.0,409,0,4,0
1.5458555735567687,108,0,5,0
0.3972613837024661,3,1,1,1
0.21616281731162587,140,0,4,0
0.0,98,0,6,0
0.0,7,1,1,1
0.0,21,0,4,0
0.0,80,0,4,0
0.0,525,0,2,0
0.0,19,0,4,0
0.0,101,0,2,0
0.0,386,0,9,0
